1,2012/12/23,早上8点到公司,tony
2,2012/12/24,发布iOSBook1,tony
3,2012/12/25,发布iOSBook2,tony
4,2012/12/26,发布iOSBook3,tony
5,2012/12/27,发布iOSBook4,tony
6,2012/12/28,发布iOSBook5,tony
7,2012/12/29,发布iOSBook6,tony
8,2012/12/30,发布iOSBook7,tony
9,2012/12/31,发布iOSBook8,tony
10,2012-12-32,发布iOSBook9,tony
11,2012-12-33,发布iOSBook10,tony
12,2012-12-34,发布iOSBook11,tony
13,2012-12-35,发布iOSBook12,tony
14,2012-12-36,发布iOSBook13,tony
15,2012-12-37,发布iOSBook14,tony
16,2012-12-38,发布iOSBook15,tony
17,2012-12-39,发布iOSBook16,tony
18,2012-12-40,发布iOSBook17,tony
19,2012-12-41,发布iOSBook18,tony
20,2012-12-42,发布iOSBook19,tony
21,2012-12-43,发布iOSBook20,tony
22,2012-12-44,发布iOSBook21,tony